TG Number,TG Name
101,Tac-101
102,Tac-102
103,Tac 103
104,Tac-104
105,Tac-105
106,Tac-106
107,Tac-107
108,Tac-108
109,Tac-109
110,North America
111,Europe
112,Asia Pacific
113,World Wide English
114,World Wide
115,HAM BAND HOOK UP
116,United Kingdom
117,THE HF/MESHTASTIC MASH
118,LUSOFONA (Echolink)
119,The Complaint Department
120,N4LLC Allstar HUB
121,UK 1 to 1 Chats
122,Fun House Chat
123,Trucker Talk
124,BlueDV/DudeStar
125,Drink Beer Get Drunk Talk DMR
126,Debate
127,KC1MAC
128,Network Radios
129,DMR-Current Events-Emcomm
130,TGIF SKYWARN
131,Pirate Signal Broadcasting
132,Connecticut
133,133
134,TGIF 24/7 lounge
135,Northern New Mexico
136,Japan 136
137,NRT JPN Group
138,XLX138 XNexus Thailand
139,Kingman Arizona
140,Ham Projects
141,US Australia Mateship
142,W6MDA Talk Group
143,Ham Support
144,Allstar Echolink Connection 
145,NFLARC
146,Computer Lounge
147,TG IND
148,XLX148 Thailand
149,XLX149 Thailand
150,SSTV
151,Wild West Amateur Radio Club
152,Beginners Lounge
153,FRANKLIN MOUNTAIN DIGITAL
154,HELLAS - MAGNESIA
155,Caldwell County Severe WeatherNet
156,Lenoir Amateur Radio Group
157,Caldwell County AUXCOMM
158,HELLAS-29250MHz FM
159,Iu7nlw
160,Urban Ops
161,West Indies
162,Campfire Chat
163,Bluegrass Kentucky SkyWarn
164,K4FSG
165,XLX165-DIGITAL VOICE GREECE
166,Route 66
167,dragon dragon dragon
168,Owariasahi Aichi DMR digipeater (i-ro-ha)
169,PacNW WA Hams
170,The Gentlemans Club HF DX Group
171,DX WORLD-WIDE
172,11 Cats
173,New Ham Elmer's Shack
174,American Weather Spotters
175,JDCC Group
176,ORLANDO FLORIDA MEET UP
177,Spiritual Thetahealing Worldwide
178,Buxton Radio Club
180,CRARC
181,Old Buzzards
182,ATV (All Terrain Vehicles)
183,CPS - Radio Code Plug software
184,AARN
185,HBG-PA Ragchew
186,Klamath County CERT
187,BoneHead Digital
188,dragon dragon dragon
189,189
190,NWPA DMR
191,Photography
192,DEJIPIKEN
193,Bate papo
194,Hitachi AllStarLink
195,N.Va I-95 and Surrounding Area TG
196,QuadNet Tech Chat
197,GR DMR to YSF
198,Technology First
199,Ham Radio Works
200,Suffolk Ham Works
201,Testing/Experimentation
202,Testing/Experimentation
203,Florida Skywarn spotters network 
204,IK5TWZ Talkgroup
205,Elevated RF
206,BELGIUM MAIN TALKGROUP
207,Northern Maine Group
208,North Idaho Network
209,Oregon ARES
210,Bridgecom Systems Users
211,HELLAS CQ Zone - DX HF Net
212,NRT2 JPN Group
213,Los Angeles California
214,Southern Pennsylvania Amateur Radio Club
215,Philadelphia
216,216
217,Ham Radio Society of Catalonia
218,Klamath Basin Amateur Radio Association
219,Ham Vegas
220,KC5T 220Mhz 
221,Sherlock Hams
222,CERT-SPAIN
223,FreeDMR-ITALY
224,Amateur Television Network
225,Sapporo Japan
226,Romania
228,Switzerland
229,DMR in KIJ
230,OK1KKY
231,North Ottawa Amateur Radio Club (NOARC)
232,Austria
233,233
234,UK Leicestersire
235,235 Alive
236,HamCam
237,CQ-WORLD
238,Denmark
239,URF401 RI Bridge
240,Sweden
241,Pacific Communications
242,NORWAY
243,TG-243
244,South Devon Radio Club G4SSD
245,Hitachi Digipeater
246,STARFIELD ARC
247,UK RAGCHEW
248,LincsLink
249,Possum Lodge
250,CCARS
251,Test TG
252,Northeast NC
253,KC3YWT
254,Pi-Star
255,HAM Radio Thailand
256,WX4ALA TG256
258,KW4U hangout
260,Poland
261,PU2RZV QRVP
262,GGM Radio
265,SCARSVOIP
267,pasola club
268,Portugal Nacional
269,BASS/Crappie Fishing
270,Johnston Amateur Radio Society 
271,Hertz + Daggers
272,Colorado Repeater Association
275,Prepping-Preparing-Everyday Carry Gear
276,Southwestern Virginia
277,Yokohama Bayside Radio
278,Malta
281,Sandbar Nation
284,Bulgaria
286,Turkey
287,North New Jersey
288,Faroe Islands
289,Iwaki289
290,YSF_America_Link
293,P25 talk
294,Makedonija
295,Digital Watering Hole
296,Hitachi Digipeater (VHF)
297,TG297
300,The Cigar Lounge
302,Canada Wide 
303,NorvinHamclub
304,Appalachian Repeater Association digital link
305,HAM and IT
306,Appalachian-Weather-WV-1
307,Wyoming
308,The Palmetto Campfire Chat 
309,Western Illinois
310,InterConnection Enjoy Room
311,Japanese TGIF 311
312,West Central Florida
313,Ogemaw County ARES RACES Group
314,PA CREW
315,FCARCNC
317,Indy 317
318,Michigan
319,YLSystem
320,QuadNet Array
321,1776
322,Link dei due golfi
323,California State (323)
324,Gulfcoast Amateur Radio Club
325,FreeSTAR Worldwide
326,Fireside Radio Network
327,Side by Side Chat
328,Thin Blue Line Users
329,Skymira-Demo
330,Puerto Rico
333,Pecos County ARC
334,Mexico
335,Roach Radio
340,USVI
343,Southern Auxcomm Amateur Radio Group
344,WM7C
345,Rockingham Co NC ARC
347,Digital Advance
349,hkc
350,KOTA-LINK
351,ATEAM
352,Friendliest Repeater Link
353,Nixa (NPS)
354,Big Kahuna's House
356,Digital Learning Net
357,All Freemasons Worldwide
358,CSRA TALK
360,Ferndale ACS
361,ORLANDO_FLORIDA_XLX361E/YSF361/ALLSTAR510400/
363,N4HHD - Henk
365,TGIF365
366,Porkies
367,Bottomdwellers
368,Cuba TGIF Group
369,FusionNet
370,RESENHA DIGITAL
373,TGIF 373
374,Trinidad and Tobago
377,PARC RADIO
381,M7TNO 
386,Digital Voice DMR
390,W4JMD NC 390
391,W4JMD NC 390+123
392,W4JMD 390+123
399,Cardinal Talk Mesa AZ XLX399
400,UAV Talk
401,Anytone 578 &amp; 878
402,Northeast Nebraska
403,N3LF Mid TN
404,404 Not Found
405,Lake Royale NC
406,Studio B
407,Outer Banks NC
409,HamLife
410,Eastern NC
411,The Carolinas
412,Raleigh
413,Sri Lanka Amateur Radio Group DMR+
414,41 for Freedom
415,The 415
416,The 416
417,Elarz
419,Kuwait
420,420 Super Freq Digital/Special K
421,CITMIL
422,dragon-dragon-dragon
424,K6KCP jimlips
425,Israel Network
426,Bahrain A92AA
431,W5CBT Group
432,Jedi Signal Corps
433,(eXit 91) AB6FD Brad
434,CVILLE
437,RAF Ramsbury 
440,Carolina 440
441,Camp Lejeune NC
442,C 440 CHAT 2
443,Northeast Hike &amp; Camp
444,Twin Rivers Amateur Radio Club
445,445 Alive
450,(TPRFN) Packet Radio Forwarding Network
451,Blue Knights International LE Motorcycle Club
452,VIETNAM
454,PR-RAW/RARE/SMOKED
455,PR Smoke House
456,Storm Chasers and Spotters
459,4040290
460,China Internet
461,China 461 TGIF
463,Koinonia
466,Bluestone Amateur Radio Club
469,DFW Metro
470,Bangladesh TGIF
473,AllStarLink DAB+ World Discussion
479,Arkansas Baptist Disaster Relief
484,Ave Maria
485,W4CQ digital system 
488,Amateur Satellites
490,EastCoast Chat
500,W6LIE
501,BBQ
502,GUATEMALA
503,El Salvador
505,Santa Fe
508,New England Roundtable 
509,Washington State
510,Indonesian Amateur
511,Dayton Ohio 
512,xplane12 and ms2020 flights
513, Outdoors Michigan
514,JP7FSO_room
515,PILIPINAS 515
517,RadioSC D-STAR and URF517 Multimode
518,ADK
520,Northern Neck Virginia
523,Metamucil Guys
525,Montrose Amateur Radio Club
527,SWCRS Southwest Community Radio System
529,Miami CQ-DX Hub
530,New Zealand ZL
531,8075AMC
545,Twisted Minds Radio
550,Calumet Radio Group
555,Beekeepers
556,ARFCOMM
559,Central Valley CA USA
565,DMR Talk
573,NC East
575,Southern New Mexico
577,myGMRS
578,SW OHIO
579,579 Interlink
585,Western New York
589,Science Talk
592,Guyana TG7592
595,KD0KAH P25
599,Radio Bug
600,Rio Rancho NM
601,Magnolia Link
602,West Valley DMR
603,GS Radio Club
604,TGIF MAROC
605,TGIF Digital youth net
606,Southeastern Kentutcky
607,Volunteer Examiners VEs
608,Multi conferenza Roma Napoli 
609,AREA 609
610, Zone of action DMR Ocala FL
611,Radio Corner
612,Drones
613,Ottawa The National Capital TG 613
615,Table of Wisdom
616,HAMS USA Spanish
618,618Comms
623,Space Coast Florida Area
625,XLX625 CQ-Michigan
629, Patriots Corner Lowcountry Way
631,W2YMM_HUB
634,Yamanashi-EMR
638,WP4QPP-PR
640,DMR Support
650,CaribLink
654,N2FED Repeater System
661,Tehachapi CA
662,DixieDMR
664,DAD TALK NET 
665,TGIF HamCation Group
666,HAMS &amp; the Paranormal
677,Park2Park Network
678,678
681,NIGHT CRAWLER NET
690,KOOLBEANZ 69ZERO GROUP
692,WP4QPZ-R
693,QQ-NET
696,URS Ottawa Ontario Amateur Radio Club
700,Albuquerque NM
701,OPLive Live PD 
702,702
704,Carolina Storm Spotters
705,PeterboroughARC
706,Dogpound
707,Rural Minnesota
708,North Dakota
709,Fargo ND
710,Nicaragua 
711,The Las Vegas Connection
712,Costa Rica
713,Houston Metro
715,Nakoso
716,Peru
717,DMR-717
718,The Fusion Net 
720,Colorado 720 Interlink
721,OZARC NET
724,Brazil
725,SALA DOS BRASILEIROS
726,Alamo City TGIF
727,Illinois Search and Rescue
728,South Florida - WPBARG
730,Chile
732,ZONA HJ Y HK
733,PINELLAS
734,MCC VENEZUELA
735,BuddingHams
737,Flight Simulator Enthusiasts
738,VU2HS
740,Drinking Water Operator Network
741,SevenFortyOne
744,BAY AREA RADIO CLUB
747,ADS-B Planespotting
750,Gaston County ARES
753,KARG North Grenville
754,SC-HoneyBadgers
755,NTX Texoma
756,Ham Radio Life
757,Southeastern Virginia 
758,YYG 758
762,Hammocks and Overlanding
765,AZ Cacti
767,Airline Pilots
772,Team Coast Guard
781,GB7XN
784,ST VINCENT 
787,MS Flight Simulator 2020
788,The Big Kahuna
789,SCARC OPS
791,FTS EHIME HAM CLUB
797,TexasGMRS Network
798,BOYSCOUT TOKYO KITA1
799,hamradiohack
800,Central Indiana D M R
801,MI-UT Link
802,Ham Garage
803,Satellite Busters Garage
805,US-RocketCity-AL
806,TG Group 806
807,JE1ZTA  Daikon Club 
808,808
809,Chruch Security
810,All-R-WELCOME
811,Oakland County Skywarn
812,Kids on the air KOTA
813,Good Old Boys MI
814,Western Pennsylvania DMR 
815,Fun Machine Linked Repeater System
818,XLX818
819,CCO
823,XLX823
824,Lids of Discord
825,NWMG
826,MK&amp;S ham club
828,WNC-link
831,Santa Cruz
835,Catskill Hamsters
838,Overland Bound 
839,Outlaws Radio Network
840,Patriot Radio Network
841,ORN Special Operations
842,United States Radio Club
843,Grand Strand Talk
845,Ham and Tech
846,POTA Home
847,North Shore Hamsters
850,Florida Panhandle Ragchew
851,ZMR Group 851
852,LONG ISLAND DMR NETWORK
855,Casa Grande-Maricopa MARA
863,Hardee County FL Radio Group
864,SC Upstate
865,Knoxville Digital Group
868,dragon dragon dragon
869,Paranormal Net
870,The Arkansas Round Table
872,Right Wing Politics
880,NeoLink
886,Dragons upon dragons upon dragons
888,Mike's Playhouse
889,Lucky LMR
890,89 Radio Club JAPAN
893,893 Net Japan
900,ZMR Group 900
901,Memphis TN Metro
902,900 MHz
903,TARA-TAC
904,Atrandom-Kure Hiroshima 904
906,KC8NWS Yooper Amateur Radio Club 
907,JOTA
909,Samson Collective
910,Cape Fear Amateur Radio Society
911,Emergencias Zello
912,GRANADA
915,WW-Portuguese
916,kettering and Distric Amateur radio Society
918,Tulsa Oklahoma Metro
919,OCRA (NC)
925,The Working Crew
927,Maryland Crab Cakes Hub
928,The Kingman's Table
930,PAN HELLENIC
931,ARESMCTN
932,Decamps
936,VARG
938,XLX138 Thailand
941,Sarasota and Manatee County Florida
945,The Parkway
946,K2FTS
949,JJ2ZAA Q-chan CQ
950,TG 950 
951,IE
960,PWH-NorCal
961,Beirut
966,North country rag chew
970,Ole Virginia Hams
973,CEEN
974,974 ALT.
980,Lino's Corner
985,ARCCC Inc.
986,ctga
987,Tehachapi Area Radio Reflector
988,MidMichigan
989,BAARC / Bay City Michigan
993,BurningStarIV
994,G3AGM group reflector
995,BARTS Tucson-Cowpaddy-Fishook 995
997,NC3M Allstar Digital Bridge
999,Italy
1000,DXMarathon
1001,Central Texas Crossroads
1004,Palm Springs / Coachella Valley
1007,Harley Hangout
1008,TAC 1007
1010,WWARC
1014,SWFL LEE
1015,Uk Digital Ham Radio Station
1017,M17 project
1020,RDC rede digital de comunicação
1021,Western Colorado Amateur Radio Club
1022,Northwest Colorado ARES Region 9 
1023,SAILORTG
1024,Northeast Colorado ARES Region 3 District 3
1025,Georgia Tacnet 1025
1033,The Scanner Junkies
1050,NC3M Allstar-DMR Bridge
1055,Oeiras
1056,Guarda 1056 Portugal
1059,(SWRClub)
1097,NC3M Digital Multimode Bridge
1105,US-D-Friends
1111,Cw morse code
1113,DMR Friends
1114,STARFIELD
1115,D-Friends Network
1119,Knights Templar
1120,EMERGENCIAS ANDALUCIA
1122,Internet Hams
1130,Free Style AMC
1138,Resistance Radio
1155,K4NCU Link System
1169,Northern Maine TalkGroup
1173,Vegas Digi
1182,Lannom Family
1196,Tim Miller Memorial Club
1198,RETASO ALLIED HAMS
1207,Mid Maine
1212,DAH DIT DAH
1218,JS1YTM Katsuura TANTAN
1222,West Alabama Hams
1223,STCARC
1225,Railfanning/heads up
1234,MAREMAGNUM
1251,Siquijor Island Philippines
1257,GB-LADAR
1259,Nature Coast Gigacycles
1260,M1ke users group
1277,LACDCS
1306,Old School Radio Society
1307,VK4 QLD Australia
1313,Motorcycle and 3 wheel talk
1316,Skywarn Oklahoma
1317,MAGNET-HF
1320,Kentucky Courage
1325,8 USC 1325 LEO/EMS W7BPA
1330,The Trapline
1335,Maritimes 
1337,1337 sp34k
1345,Gunzels
1360,FL/GA Group
1367,Nagano-Iida DMR Digi
1371,Aussie Truckies
1375,Whiskey Tango Foxtrot
1393,Hatsune Miku Voip circle
1401,Southern WV Boys
1433,Ham Hang Out
1440,羽黒ルーム
1442,Southeast VHF SSB
1453,turk konferans odasi 
1458,Isle Of Avalon 
1468,CENTRAL COAST WYONG DownUnder
1488,FCC Big Dumb
1508,Cape Cod 
1509,FOG
1521,Toyota Overland
1527,Wheel Tappers and Shunters Club
1529,stokie oatcakes 1979
1538,Friends of 538
1555,W4OTS-Western North Carolina Special Events
1608,YJE VoIP_Link_Group
1613,The Rubber Boot Net 
1616,TA HAMRADİO
1635,TBLabs Amateur Radio Club
1701,Out Of This World
1717,DroidStarNet
1745,US Patriots
1752,Electricians
1765,Liberty Preppers Network
1775,SFMF
1776,PrepperNet
1777,MPURN
1778,Appalachian Irregulars
1784,J88HAMS
1786,Georgia Freemasons
1787,The Shop
1789,AmRRON
1801,SC Gamecock talk
1804,Haiti - Independence
1818,Chaverim Radio Club
1829,CougarNet Digital Radio
1835,The Mark Twain Connection
1836,Arkansas 
1841,CQ-Michigan
1842,The Citadel
1860,Classical Music
1861,GSOCS
1863,Carolina Coast to The Coalfields EMCOMM TalkGroup
1864,Nevada- The Battle Born State
1866,Southeast On The Road
1870,CLUB CHAT
1873,SASS Cowboy Action Shooting
1879,KURVY
1881,King George Amateur Radio Operators
1900,3 DISTRITO ESCOTEIRO SAO PAULO DE PIRATININGA
1901,Alabama Prepper Survival Talk group 
1907,Scout Radio Network
1909,Sam's Corner
1911,Midnight Madness 
1912,Arizona Cactus Link
1914,SCAN Nevada
1915,El Paso DMR
1919,American Legion Department of North Carolina
1928,Motorola Enthusiast
1934,Philosophy/Literature Ham
1938,Bury Radio Society
1939,NIARA
1940,CenTex CrossRoads
1942,AMATEURS LEARNING JOURNEY
1945,WW 2 History
1947,UFO (UAP) Witness Group
1948,ohenrosan
1950,DBVS / CONQUIS / PATHFINDERS
1952,Amplitude Modulation International
1953,Ham Radio Pisa
1954,R.A.V. 
1957,Sci Chat Science Discussion
1960,CO/TN
1961,9J2RD_TEST
1963,PAUSE-FOR-THE-CAUSE
1964,Atlantic Amateur Radio Society - Channel 1
1965,ik1icf
1966,1966 RADIO CLUB
1967,Concho Valley
1968,304 Park Chasers
1969,Baofeng Boiz
1970,Atlantic Amateur Radio Society - Channel 2
1971,Midlands Talk
1972,DXHAMS Amateur Radio Group
1973,Washington State Hams
1975,BosNET
1976,Hamr
1978,Mohave-Link
1979,Kentuckiana
1980,AmateurWire
1981,NASA - Space / Ground Communications
1983,Stubblefield Repeater Club
1984,NEW HAMPSHIRE UNDERGROUND
1985,N4RMZ BR
1989,
1990,YOUNG HAMS HANGOUT SPOT
1992,Welsh-Connections
1993,KD2RPP ROOM 
1994,I-LOVE-DMR
1995,Connecticut State Wide
1996,Rhode Island State Wide
1997,Vermont State Wide
1998,Massachusetts State Wide
1999,New Hampshire State Wide
2000,Maine State Wide
2001,Heady Music Chat
2002,AKDENIZ RADYO AMATORLERI
2003,turk konferans
2004,Linux Talk
2005,SKYWARN OF MAINE
2009,Motorcycle Hams
2013,GB13COL
2014,Bartlesville Stake DMR EmComm Network
2016,GRIMES COUNTY TX
2017,Easy to Hear Nite Chat
2020,Economics beer and conspiracies
2021,Free Speech Radio
2022,Patriot 
2023,SMD 
2024,LETS GO BRANDON
2025,HELLAS - RHODES - DODECANESE ISLAND
2026,HELLAS - EPIRUS 
2027,Hellas-2027
2028,HELLAS - AEGEAN SEA ISLAND
2029,HELLAS CREETE
2041,Netherlands
2042,Kingston Chat - Wayne
2045,The Chatter Box
2054,Lanarkshire Live
2061,BELGIUM FLEMISCH
2069,D STAR HF
2091,Klamath County ARES
2100,100 Watts and a Wire
2101,HCARA
2107,Lada Poland Club
2111,Zicsi
2112,Drummers Worldwide
2116,English Squark Box
2120,TG-2120
2121,ZL2BBC-Allstar link
2133,2MC
2135,Somos Latinos USA
2140,SPAIN-LINK
2143,Regional Catalunya
2145,EARadio
2146,TG BALEARES 
2147,SALA ANDALUCIA
2165,K6JWN AllStar Bridge Node 2165
2170,The Oregon Trail
2171,Model Railroading
2182,AIS and vessel tracking
2200,Oz Cafe
2211,Fat Bike
2215,New Mexico ZERT
2222,Youth Link
2236,Digital Talk ITA
2241,TGIF Cyber Veins official TG - TEST
2242,Fed United DMR
2249,Sicilia
2250,Procida Island
2261,District YO Romania
2262,YO-Banat
2263,District YO3 - Romania
2265,TG ARDEALUL
2266,BridgeCom
2272,D7AUXTAC
2280,Antique Radio Restoration
2281,Suisse romande
2322,Salisbury Ham Radio Club UK
2323,Ghost Spirits Demons &amp; Paranormal 
2327,Tirol
2340,The Black Sheep Pub
2345,CQ North
2348,Grumpy Old Gits
2350,UK ChatterBOX 
2351,CQ-UK World Wide Wires-X 27793
2352,UK ChatterBOX Chat 2
2353,UK ChatterBOX Chat 3
2354,UK ChatterBOX Chat 4
2355,Scotland
2356,Wales
2357,ISLE of MAN
2358,Digital England
2359,Night Owls Nook
2368,BDRG
2376,AFRN
2378,CERT
2380,UK Chat 1
2381,UK Chat 2
2382,UK Chat 3
2383,UK Chat 4
2384,UK Chat 5
2400,Disc Golf Worldwide
2401,JH9ZAV Group
2403,
2405,Sweden SM5
2406,Sweden SM6 2406
2407,Sweden SM7
2408,Teknik
2410,BARF Benzie Amateur Radio Friends
2413,MRI BRIDGE - ALLSTAR 59460
2416,D7AUXCOMM 
2424,R2D3PO
2428,BitByBitHams
2442,ConquestArms
2450,Gifu Mizuho DMR
2451,BAGNOLI RADIO OM NAPOLI SUD ITALIA 
2473,Baltimore Orioles
2500,The Hide Out 
2501,Russia
2507,RnD-61
2516,Useful tips
2525,TG2525
2544,Black Sheep Hangout 
2548,Kairali Hams
2551,Ukraine
2555,All-Ukrainian Chat
2572,The Cone of Silence
2585,ROC-HAM Radio Network
2600,Drones
2601,Firefighter Network 
2602,TGIF POLONIA
2610,ARPR
2625,ZRB Ex
2626,RSO-26
2628,Bavaria
2629,DL-TGIF-Users
2640,DXCODE
2681,NE Tennessee/SW Virginia Talk Group
2700,Old Melbourne Repeater Association
2705,Thunder Ridge Radio
2721,Echo India - Ireland
2735,Potomac Radio
2737,Kentucky ARES 1
2754,Churchill
2760,Coastal Greatstone Kent!
2775,WARNS Upstate SC
2781,YO2/HD
2784,2784 Neighbors
2790,PBC-REACT-TEAM 
2800,NC Raleigh-Garner
2812,PUTTE
2817,Cal-CV-Friends
2834,E25XLD
2840,TGIF-FDMR-BG
2857,Cab Coun
2860,BOLGE-0
2861,QRV73
2866,Turkish Radio Amateurs Union Ankara
2867,Iredell AuxComm
2900,FM29ers
2901,JH9ZAV SFR Group
2910,JH9YXU SFR Group 
2917,Guns N Ammo
2918,West Georgia Radio 
2929,aoba-club
2939,NC Emergency Communications Group 
2950,Ham Radio Drama Free Worldwide
2968,TG CAMPANIA
2969,Worldwide PRIDE
3000,N7PSR
3008,CANWARN - NFLD
3009,CANWARN - NOVA SCOTIA
3010,CANWARN - NEW BRUNSWICK
3011,CANWARN - QUEBEC (Fr)
3012,CANWARN - ONTARIO
3013,CANWARN - MANITOBA
3014,CANWARN - SASKATCHEWAN
3015,CANWARN - ALBERTA
3016,CANWARN - BRITISH COLUMBIA
3017,CANWARN - YUKON
3018,CANWARN - NORTHWEST TERRITORIES
3019,CANWARN - NUNAVUT
3020,Canada's National Capital Region
3021,Manotick Amateur Radio Group
3022,Francophone Canada
3023,Ontario Bridge to DMR+ and BM
3024,SODA
3025,Russian Speaking USA Mobile Club
3026,Alberta Link
3030,CANADA'S ADVENTURES AND COMMUNICATIONS
3031,Meshtastic &amp; ISM
3039,native new yorker
3050,Atlantic Canada
3060,Night Chat
3083,k3sdl
3102,Alaska TGIF
3103,Civil Development Network
3104,Arizona
3105,Little Rock Metro
3106,NW Phoenix Az
3108,The Dashing H.A.M.S
3109,NEDR - Connecticut Statewide
3110,Delaware Statewide
3112,Florida Statewide
3113,Georgia
3118,INDIANA STATE
3120,Lexington Kentucky
3121,Kentucky Statewide 
3122,Louisiana Statewide
3123,NEDR - Maine Statewide
3124,Maryland State-Wide
3125,NEDR - Massachusetts Statewide
3126,Michigan Statewide
3127,Minnesota State
3128,Mississippi
3129,Missouri
3132,Nevada Statewide
3133,NEDR - New Hampshire Statewide
3134,New Jersey
3135,New Mexico (NM)
3137,North Carolina
3139,Ohio TGIF
3140,OKLAHOMA
3141,HANDIHAM RADIO CLUB NET
3142,Pennsylvania Statewide
3144,Rhode Island Chat
3145,South Carolina
3146,South Dakota 
3147,Tennessee
3148,Texas
3149,Utah
3150,NEDR - Vermont Statewide
3151,Oregon
3152,Northern Virginia Hams
3154,BUFFALO Radio Group
3155,Wisconsin
3156,Wyoming Alt
3157,Jacksonville Florida DMR
3158,North Florida Amateur Radio 
3159,North Florida Amateur Radio
3160,Florida Open Talkgroup
3161,UnifiedRadios
3162,La Isla
3165,RF Radio Signals
3169,USA Midwest
3171,3171
3174,Allstar 21791 Dstar XLX073G Link
3175,The FOG
3179,DMR-MARC Midwest
3180,MO PREPPERS &amp; VETS 
3181,Southwest Michigan
3185,Greater Bridgeport ARC
3198,VOIP WX Net (National Hurricane Center)
3200,Oregon statewide
3201,DM-32 &amp; UV-32 TG
3206,kaliman
3232,Ham Tech
3233,SIGLAT
3307,Northwinds Link
3326,POTUS
3333,3333
3340,MEXICO TGIF-FreeDMR-AllStar-IRLP BRIDGE
3341,XE1JMB 
3342,XE1JMB
3345,XE1GT
3357,NJ Masonic Amateur Radio Club
3363,Talk All You Want
3373,No Agenda Hams
3375,Mountain Toppers
3388,Hong Kong
3420,The Canada Hub 
3435,Vector
3445,Georgia Radio 
3456,Skyscraper
3473,The Campfire
3481,Dunstable Downs Radio Club
3495,AMBULANCE TALK
3501,NJDXERS
3517,KI4WOC NET
3521,CSIRT Italia
3550,KYOTODAIGO
3563,The Jeep Life
3622,Warawara Network
3690,Dr Parrot's Office
3698,World Wide Ragchew Amateur Radio Net
3700,El Kiosko
3701,Quisqueya Group
3720,Haiti Digital
3728,Departement Sud-Est Haiti
3740,REACT
3742,Corujas da Noite
3776,narusawabase
3777,PNW Overlanders
3803,K3SDL-DIGITAL
3814,StMax
3816,Nuts of 3.816
3819,3819 HF Net
3824,Vanilla TG
3839,SC3839R
3843,Three Blind Rats
3860,Potomac Valley Hams
3871,Donny Lads
3907,AB3C 3907 Talkgroup
3916,Freewheelers
3923,NCBM DR
3926,V55 KERAMAT
3933,Black Sheep Lounge
3939,Hatsune Miku Voip circle3
3990,Rooster Net
4001,KA9AMP 
4002,JCARA
4005,A1 USA NE Regional Connect
4006,Hatcho repeater packet club
4009,NOOGATA HAM Club
4010,Hatcho repeater packet club
4040,Czech/Slovak/Irish
4050,"I'll be at the Bar" Wine Spirits Cocktails &amp; Brews
4051,OKC Metro
4060,NN9P PRAIRIELAND AMATEUR RADIO SOCIETY
4077,CAROLINA CROSSROADS 4077
4100,Crane Heads
4101,Public Safety Amateur Radio Group
4107,CavCom Amateur Radio Digital Network
4111,411 Info
4126,TG4126
4140,AUX SAR 
4141,Izumo Shimane
4142,JE4YQG Izumo
4150,Lebanon DMR
4163,Mon County club
4164,MORGANTOWN MOUNTAINEERS
4187,TGIF4187
4200,Canabis - Marijuana
4201,CDARIN
4202,CDARIN TAC
4211,Cambria TAC
4242,Freedom radio network
4250,Good Conversations &amp; Midwestern Goodbyes
4261,MUD POND
4291,Law Enforcement Officers World Wide
4320,KE0APG AllStar to DMR Bridge
4321,ARISS/AMSAT
4339,HFDXARC
4357,Helpdesk
4380,Missing Veterans UK 
4400,Hondo Canyon Link System
4401,Community Communications
4412,CommsConnectUS
4419,West Texas Yacht Club
4420,8075AMC
4422,KQ4MUG BRIDGE
4440,W0OFK AllStar to DMR Bridge
4444,MY-PYLLOW-BR
4449,North American Railroad SIG
4455,W0OFK UHF AllStar to DMR Bridge
4476,Gaston Radio Club WG4RC
4481,Gensler
4486,PROTECÃO CIVIL VOLUNTÁRIA - APROCIV
4487,Athletics
4499,K0LNY
4500,Friends of Bill Wilson
4501,O cañeros en línea 
4545,Yokohama-Aoba
4550,Scallywags
4551,N2PTA 
4552,Goobers
4584,Great Lakes Digital Common (GLDCOM)
4601,China 4601 digital link
4602,中国二区
4610,China 4610 TGIF
4611,China 4611 TGIF
4620,PROhO Signal Corps
4647,Hams Over IP (HOIP)
4649,TOKYO MOBILE INSTITUTE
4692,Iowa Statewide
4701,BANGLADESH
4702,S21 Allstar/Echolink Bridge
4703,Bangladesh (Echolink / Allstar) Bridge
4705,ARSB
4711,Dankai Net Group
4714,Ham Radio Society of Catalonia
4742,American Red Cross Disaster Services Communicators
4747,MONO47 LINK
4756,Stjohnvalley
4800,HAMTalk Link System
4868,Fox Hunts
4900,Japan 4900
4907,The New York To Florida Connect 
4935,Malfunction Junction
4962,Cajun Rag Chew 
5000,SLMRT TEST
5031,El Salvador Zona 1
5050,OTTAWA Ontario Canada  The Capital City 
5051,5201739
5100,Northern Idaho 
5105,AMATEUR RIAU PROVINCE OF INDONESIA
5150,The Talking Spot
5151,Heathen/Pagan/Wiccan Network
5153,DX3T JARC Talkgroup
5155,KPR
5168,3D Printing
5201,Digi Nook
5209,VRA - Thailand
5255,YGK Tech Talk
5280,Colorado Front Range
5300,The American Patriot Radio Network
5301,ZL1 New zealand
5302,ZL2 New Zealand region 2 
5303,ZL3 New Zealand region 3
5304,MIRATS: Michigan Radio Amateurs Technological Society 
5309,TECH HELP
5323,TX Misfits
5343,toutou wireless club
5353,Radio Club Nikola Tesla Petrinja (Croatia)
5466,Accents and Opinions
5500,N6IVC
5501,Greene County Arkansas Skywarn
5519,Headwaters Ontario Canada
5530,qap-ssa-145530
5551,Fishing
5555,GetOnAir Digital Voice
5581,Grizz’ HQ
5599,South Georgia Hangout
5678,Hokusetsu Telecom Laboratory
5777,ITDRC
5778,KO4RJX Network
5872,Crook county TG
5875,Sonde Tracking
5963,TG5963
5967,Cummins Diesel Guys
5973,CARC
6000,OFF THE GRID
6041,Cross Mode DMR TO ANALOGUE
6060,60 Radio Group
6072,Gogebic County Severe WeatherNet 
6081,WX8NWS ALLSTAR BRIDGE
6102,Talkgroup Radioamatori Italia
6114,US MARINE CORPS GROUP 
6127,CENARL DX6CN
6146,Nerima Tokyo TGIF Link
6161,Nisaba.tech
6169,NW MO N1JXX DAVE 
6222,Larry's General Chat
6241,kf0bxi
6282,North American Talk Box
6340,ROMEO
6351,DTX RIVER BOTTOM
6363,Diginerds
6369,G4SKM
6374,Meshcore-UK
6453,HAM RADIO GROUP
6487,US Ragchew Unlimited
6488,US RagChew Network 
6633,All Nodes Net
6640,K6EGG
6666,China Digital Link 
6684,6684 Mt. Mitchell Mesh
6694,South 40 net
6777,W4VDX 
6817,WWARG NETWORK RADIO HUB
6832,KD8LBS
6918,Thuis
6919,Southern Ham Club
6969,Illinois Hams
7000,pd2ari
7007,EmComms
7015,SW PA Link
7030,KE0PKU Papa Joe
7060,El Salvador Main Room
7061,El Salvador Región 1
7062,El Salvador Region 2
7063,El Salvador Region 3
7064,El Salvador Eventos 
7065,El Salvador Emergencias
7104,Dr SDR
7117,Izumo Ham Radio Chat
7137,The TARDIS Lounge
7140,Chiriqui Occidental
7144,Chiriqui Link
7149,LIRAZO
7162,TRUJILLO ZONA OA2
7200,7200 Says it all The 40 meter Misfits
7205,Union County NJ Alumni
7208,RC Pilots Lounge
7220,Band Hoppers
7224,CONFERENCIA NAUTICA ARGENTINA 
7225,GRUPO RADIOFICIONADOS BARILOCHE
7226,Miami Latino
7229,Argentina-Room
7238,East Coast USA-Link
7241,Norte Brazil
7242,Nordeste Brazil
7243,Centro oeste Brazil
7244,Suldeste Brazil
7245,Sul Brazil
7246,Rota do vinho São Roque SP
7247,Brazil-Link
7248,Sao Joao Del Rei (PY4HZ)
7249,Brazil - Network and Computer
7253,PPROEM SCU
7257,The CO-AX Connection
7272,The 72 Chew (Daily 9AM-12PM/ET 40M on 7272)
7274,Corn Cob Net (Daily 6-8AM/EDT 40M on 7274)
7285,CLUB 45-47
7337,Fediverse
7341,RED YV1
7373,Parks On The Air (POTA)
7374,AZ POTA
7388,GRCARC
7399,Amateur Radio Missionary Service
7401,Ecuador Zona 1
7402,ECUADOR Zona 2
7406,RADE
7407,RADE-HC
7410,NAUFAR Repeater North Aurora Illinois
7447,Estamos em Narnia
7470,747 DVM
7474,Hollywood954
7481,Uruguay.Net
7573,WestLink
7620,NC CrossLink
7640,Bryon's Radio Villa
7652,Pasour Mountain
7682,GB-SOTA
7700,Aviation Chat
7722,PPCC Ham Club
7760,PD2V Apeldoorn TechTalk
7770,JesusSaves
7777,SCRAPPER Network 
7779,Puducherry DMR Group
7789,Foothills NC Rag Chew 
7794,TGIF 7794
7959,WA2EMS CENTRAL NJ
8000,8000
8008,Fren Posting
8014,RADIO ANARCHISITS 2
8036,salamanca
8044,AMATUER RADIO ANARCHISTS 1
8075,8075AMC
8080,Enlace Noreste
8081,Happy Place
8086,HAMSAFE
8104,BSA Camp Durant - OA 8/104
8115,VF DMR
8125,GB7DU
8133,South Devon 
8144,Toriten Love
8181,Marion County (FL) EMCOMM
8200,Mountain Lakes Regional Amateur Radio Society
8231,Digital Coffee Club
8248,GX4MWS Macclesfield Radio Club
8281,The Farm
8420, Baked Hams 
8500,Osona
8510,Oman
8550,QTHLatinos.Ham Club
8570,Vall del Ges
8648,OMISS 
8649,Noto Hokuriku
8663,Expats in Panama
8761,American Legion Amateur Radio Club
8762,US Military Vets
8788,GRUPPO ITALIA 7
8810,Zürichsee
8823,8823
8873,JR1WFW DMR SFR link JE1YSZ Chiba Kazusa
8888,Hwy 12 Station
8899,Gruppo Escursionisti Radioamatori
8912,TETRA Radio Users
8934,SKCC GROUP
9000,G.E.R SÃO ROQUE E REGIÃO 
9015,Wild Bill Family and Friends
9050,East Coast Reflector 9050
9111,VU-ODM
9113,Frequency of Hope
9158,9158Room_WiRES Gateway
9229,Makiling
9247,Organization 13
9374,WALES DIGITAL RADIO GROUP
9393,Boleskine House
9394,SEANET Cantonese Speaking Hams Group
9600,Kanazawa
9625,Walton County EARS
9629,Firewire
9665,Shortwave Radio Listeners Appreciation Group 
9666,Indian Telugu Ham Radio 
9800,Cafe Gratis 
9876,LGBT Chat
9911,EMCom
9913,tri state radio group
9915,McHenry Co Emergency Services Volunteers
9919,XLX919 XNexus Thailand
9957,noswr
9959,Pike County
9969,TG9969
9993,Boudica
9996,YSF IT FRANCAVILLA 31973 DG-ID 89
9998,Breaking News
9999,M8KBZ
10000,Setagaya
10001,The MistFit Network ASL 506451 506452
10002,Hams Tech Talk
10006,Hokkaido
10100,TENNESSEE
10101,KW0Z RADIO SHOP TALK
10102,POLLY
10156,MILITARY ACTIVERETIREDand VETERANS 
10176,Dgital-America
10179,Liverpool RAYNET Group
10203,Eureka on TGIF
10258,World Wide Chatters
10367,Ten Forward
10599,TAMA TG
10665,Takarazuka DMR / RK Ham club
10757,Ivan's Personal TG
10860,Mobile Team of Saikai and Sasebo in Nagasaki
11000,CCARC
11111,Crypto Chat 
11159,Wheels N Keels
11171,HF Dock
11200,112 EMERGENCIA MAFRA-PT
11344,CSRA Radio Group
11389,Cowboy Shit
11600,EA7RKL
11676,W3CEC - Chat
11710,Emergency Radio Long Island
11911,SATERN DMR
11959,RENOPINOY
12111,Long Island NY
12121,K6GD
12141,Minutemen of the Air
12150,W8LOW Hub
12153,Indy TG
12174,JVTMiami2
12198,HamFurs
12321,Frederick ARC
12323,Appalachian Whitewater
12345,GLAARG-VEC
12360,Clay Center Ks backup talk Group
12420,Sandhills Armature Radio Club (SARC)
12922,8&amp;2 Group
12950,FMUARC
13000,JA3YTZ Group
13399,N.P.M
13500,Bate Papo Informal - BRASIL
13579,Signal
13666,JoeNet
13676,North Country Amateur Radio Club W2LCA
13739,WV ELKINS DMR 24-7 Chatgroup
13939,Hatsune Miku Voip circle2
14000,Wadayama
14001,Wadayama
14054,W5JDW Link
14094,LARA DMR Group
14163,Wabash Co IL Digital
14494,DX3F
14514,ACGN
14521,South Wake ARC
14533,WX4BWK
14547,FLARC
14561,MAPGA PACKET RADIO GROUP
14562,LARSEN INC
14571,TGIF JAPAN
14652,Simplex Junkies
14658,DRCIT
14670,OCARA Otoe County Hams
14679,Folkston GA Repeater
14685,Florence SC Amateur Radio Club W4ULH
14688,East Pasco Amateur Radio Society
14691,W4PAR Lexington NC
14697,Siouxland
14700,Callahan
14705,NC-Broadway
14715,RVARC
14727,NC-JARS
14730,OVMRC
14733,Central Ontario Amateur Radio Club - Network
14742,Wasteland
14778,YAGOTO DMR
14815,14BIS
15000,Kanazawa VoIP
15137,Pittsburgh Allegheny County Area
15153,Ham Helpers net
15973,Ham Operators Of North America
16504,NW PA HAM HAMRADIO FACEBOOK USERS
16585,ON4WZ-TechTalk
17000,Texas Gulf Coast RACES Group
17001,Texas State RACES - District 04-DFW
17071,TruSoc HR Group
17077,LaGrande_RadioClub
17520,MMRA
17760,DMR Chat
18207,BessoLink
18371,Tities's Family 
18621,Luzerne County DMR
18643,Nepa Connection
19032,Lehigh Valley Hams
19050,Lone Wolf System
19191,Manistee Allstar Bridge
19283,VU3YFL
19288,Shelby Amateur Radio Club
19373,93s and 73s
19397,GIBRALTAR-ZB2MR
19400,Arkansas AUXCOMM Statewide
19401,Cabway Radio Techs
19402,Glenda Project 
19406,Cigar Bar
19461,Eastern Kentucky
19540,W9DMC
19570,Afton Tennessee
19587,Magyarorszag 
19614,Budapest
19681,KP4ARA
19701,CHABAD WEST BOCA
19810,Belize
20000,NAKAYAMA
20001,K1SCD - Ham Radio Saves Lives
20151,A couple of dudes on the radio
20200,HELLAS CQ AETHER HELLAS BRIDGE C4FM YSF TGIF
20201,HELLAS Zone Net
20202,Greece DV
20203,Hellas-Node
20210,Greek Europe
20212,GR-C4FM-GROUP
20215,Hellas-20215
20217,Hellas-20217
20218,Hellas-EchoLink-20218
20219,Greek Globally Echolink Users
20220,THESSALONIKI
20221,SV2SNH
20222,SV2SNH
20223,SV2SNH
20224,SV2SNH
20225,SV2SNH
20226,SV2SNH
20227,SV2SNH
20228,SV2SNH
20229,SV2SNH
20230,SV2SNH
20240,HELLAS - THESSALIA 
20250,HELLAS-RHODES-ECHOLINK
20251,basingstoke
20260,NORTHWEST GREECE NETWORK
20261,PREVEZA NETWORK
20262,IOANNINA NETWORK
20269,ARTA NETWORK
20270,Good Vibes TG
20273,TALK_TEST
20278,My Private TGIF
20281,Kerkyra DV
20299,GREEK EMERGENCY NETWORK
20313,KE8UOT ALLSTARLINK NODE 480540
20319,ROOM TENPAKU
20321,Pokémon
20400,Nederland Centraal
20401,Nederlands Tokkelgroepje
20408,VERON Afd Centrum 08
20424,Rijnmond
20432,NL Noord-Brabant
20538,Higashiosaka Digital
20600,Belgian Multiprotocols
20612,BELGIUM WAASLAND
20620,BELGIUM RAGCHEW
20621,Belgium Westhoek
20665,violets bloom　1
20699,FreeDMR Belgium
20800,France
20844,Nantes France
20871,Saône et Loire
20878,Rock Collecting
20890,89 Network　
20899,RI49 France-Multiprotocole
21000,Open Radio Network
21212,EVAR (K7EVR) Digital Amateur Radio
21332,2MC2
21337,Dusty Radio
21400,HAMRADIODX.es
21401,EMERGENCIAS ANDALUCIA - QSO
21406,Radioclub AREX
21411,Extremadura
21413,Provincial cadiz
21420,Grupo Radio Galena
21421,Time for a cold one
21430,ea5ijt
21433,Los Xostrones
21440,CAMPA TORRES TEAM
21441,TG SEVILLA
21465,ADER 
21466,RF-NETWORK
21467,Radio Vampiros 
21468,MultiSystem
21469,Tupamaros
21470,JOLCHHOBI NETWORK
21472,La Campa
21473,AMIGOS EN LA DISTANCIA
21475,R3Net
21482,HAM-TETRA-EA
21483,RADIO MAKUTO ESPANA
21490,UNIDAD CIVIL DE EMERGENCIAS
21491,UCEVA (EMERGENCIAS)
21499,TOTEMER - RED ZULU
21600,Balaton Boyz
21650,Csendes sarok
21756,TACLINK-OPS
21877,E701BFF
21888,E701BFF
22036,Kraljevo DMR
22039,South Louisiana Rag Chew 
22055,Lokal
22066,Cluster Cmare 
22090,MESSINA
22115,Vigili del Fuoco Volontari Italia
22167,Cluster Castellamma di Stabia
22200,HBLink Italy
22201,YSF CMARE
22208,ITALY CENTRO 
22209,LOCALE
22210,Talkgroup Napoli
22211,P.C.R.E. Protezione Civile Radiocomunicazioni Emergenza
22212,Adna
22215,FreeDMR TG-22215
22216,FD_ADN Systms TG22216
22217,Ras Sardegna MP
22218,Ras Sardegna mp
22220,ItalyNet Conference
22222,GardaLake
22225,K2
22226,K2xx
22227,TGIF-K2
22233,ITALY HAM
22235,Talkgroup ROSETO
22241,FD_ADN System 22241
22245,ITALIA_Sud
22251,FreeDMR-22251
22260,TEMATICO FREE
22261,TG ABRUZZO
22265,ITALY TERAMO TGIF
22266,Abruzzo Radio
22267,IU3GMR_TGIF
22270,TRANI-BAT
22271,PUGLIA
22272,CANOSA-BAT
22273,IT-C4FM_BAT
22274,ANDRIA-BAT
22275,BISCEGLIE-BAT
22276,Trani Conference
22277,ANDRIA (BT) Conference
22278,MARGHERITA-BAT
22279,SMAM
22280,Talkgroup Caserta
22283,Talkgroup Campania 
22288,TG Avellino
22291,FreeDMR-22291
22302,tg Sardegna
22312,DVSwitch Members
22320,Echolink Italynet
22389,Grel
22391,FreeDMR-Sicilia
22406,AllStarnode
22407,TG AOT PESCARA ITALY
22440,IR0ZXD-R
22474,Myrtle Street Repeater Association
22481,AMRS GROUP
22486,ITALY GPG
22487,Matrix Reloaded
22524,CFLAG Tac 1
22556,Stafford Virginia
22581,Hatton Park Radio Club
22586,Mahoroba ARC
22587,VOIP Kitakatsuragi Nara
22600,2600net - irc.scuttled.net/#hamradio fb.2600.chat/#hamradio 
22603,AltComms
22606,The GNU Water Hole
22607,RO-POTA
22609,HAM-YO
22622,România
22634,DXLink
22666,GLOBAL NETWORK
22747,kyoto-yamasina
22762,CARMA
22777,Talkgroup Avellino
22812,Geneva-CH
22813,Alpes vaudoises
22824,Echolink Swiss Italian
22825,Multiprotocoll Swiss Italian
22888,Our Coffee Shop - 2nd Cup
23017,JA HAM CAFE TGIF
23179,Glossop
23200,Austria-All
23221,SERN - Emcomm 1
23222,SERN Emcomm 2
23223,SERN Emcomm 3
23229,Poc-link
23400,New System Amateur Radio Operators Network
23414,NW Radio Group UK
23416,400Club
23423,BARS - Bolsover Amateur Radio Society 
23426,FreeSTAR International
23441,Ears Radio
23450,YorkshireNetUK
23451,CQ North East
23452,CQ North West
23453,CQ Scotland
23454,CQ Northern Ireland
23455,CQ Wales
23456,COAST 2 COAST (DMR Multi-Network)
23457,FB Multimode
23458,Christ With Us
23460,UK North East CQ 
23461,SARC
23491,NXDN-Cambridge
23499,North Coast Watch N.I.
23500,London TG
23501,Soccer
23503,Southern England YSF - 88688
23510,South East Chat UK
23519,Bluebell Hill Kent UK
23520,North West (cumbriaCQ) UK GB
23524,CFLAG DMR
23525,Extended Freedom Network
23526,HUBNet
23530,Yorkshire- Link
23531,RAYNET UK National
23535,G1SCQ Allstar Bridge
23538,E.A.R.S Yorkshire
23551,ALBA SCOTLAND Allstar Multimode 
23552,MS0NTR Club
23557,Scotland East
23558,Highlands &amp; Islands
23559,Scot West
23560,North East UK TGIF
23561,North North East UK TGIF
23566,South Wales Digital Group
23567,Clubnet UK
23579,Digital Dragon Radio
23590,East Midlands UK
23591,Nottinghamshire Link
23595,OZ-DMR NETWORK (United Kingdom)
23599,Lincolnshire Live
23669,74ARPSCADM
23800,Spyder Ryders
23834,Central Virginia Tech Talk
23911,PUERTO RICO SKYWARN GROUP
24000,Talk to Sweden
24016,24016
24071,Jonkoping HUB
24072,SK7HR Local
24112,Nordic Truckers
24113,Nordic TechPreppers
24211,LA DX Group
24230,JH9ZAK Group
24682,PIAGGIO SPA
24769,Exploring Digital
24901,SWVARA WV
24910,The Meeting Place
24911,Dares 
24934,Departure Room
25016,FALCON
25069,Tver city 
25077,JAYS - DMR EXPERIMENTATION GROUP 
25118,Drive Time Uk  Worldwide
25161,SavageOverlanders
25225,Reduced Salt Ham Radio
25253,niconico
25378,ALERTradio ERC
25500,Ukrainian Frequency Friends
25501,Kyiv city
25504,Dnipro
25508,Zaporizhzhia
25510,Kyivska obl
25511,OdesaRadioLink
25515,Nikolaev
25516,Odesa
25517,Poltava
25530,Husky_Obolon
25544,Echolink UA
25548,Old_Odessa
25550,Одесский Радио Линк
25555,ORLink
25578,Tri Topora
25583,Ukrainian Ham Network
25627,Krasnodar
25660,Prepper Comms Thru Ham
25702,KOW Tristate Area
25777,Three_Axes
25850,Chesapeke Bay Radio Association
25981,Western Greenbrier County WV 
26000,Phone Phreaking
26009,EmCommPoland
26011,Gryf Szczecin
26043,Poland Podlasie
26059,Poland Kurpie
26066,Poland Wroclaw
26067,Legnica
26076,Poland Starachowice
26077,Special Stations Group
26078,Poland Kutno
26095,Poland JURA
26099,Poland Silesia
26221,NDR BSG AFU Hamburg City
26238,AB WEST 26238
26250,DE-Saarland
26252,DE-Rheinhessen
26254,26254
26256,DE-Kusel
26258,DE-Merzweiler
26260,DE-Ulm
26269,DL-Hessen/RLP
26270, Funkfreunde Rhein-Main 
26271,Baden (Baden-Baden)
26275,A24 &amp; Friends
26277,Schwarzwald
26278,Schwarzwald Test TG
26370,Ulm
26403,DE-SL-Saar
26421,Hamburg C4FM
26429,DL-Nordwest
26444,Inselfreunde
26480,Scan New England
26486,Draussenfunker
26512,Warsaw NXDN Group 26512 Poland (DMR Link)
26544,The Kyoto Rakutō Neighborhood Chat
26633,Kaizo
26655,Akuragawa
26669,SABAE Radio Network
26677,Riverstone Yokkaichi
26699,Tarusaka
26800,Galloway Township OEM
26911,TGIF POLISH HAM RADIO GROUP
26968,License Free Radio JAPAN CB 1CH
27010,GRUPPO RADIO PAVESE
27079,N8MBS
27107,THE HAMSTERS 
27125,Betuwe Amateurs
27131,Idaho
27144,THE 27144 Group
27239,Denton NC
27295,Club KST
27304,SORA PATNA
27360,Troublemakers
27372,The NXG Hub
27373,Wallburg NC
27381,WORLD FRIENDSHIP
27439,Tennessee Amateur Radio Prepper Net
27500,CCAR Link
27501,NC4ES Chat 1
27502,NC4ES Chat 2
27520,NC Rippin Lips 
27534,NZ3C Amateur Radio Testing 
27549,BR549 chat
27550,East Tn DMR Newbies
27555,Tiel Netherlands
27596,CERT Youngsville NC
27622,DigiCommCafe
27715,CQ-Ohio
27772,W8OAK Oakland County ARPSC 
27800,Kanata Hams
27906,Yooper Amateur Radio Club KC8NWS
27948,The Batcave
28054,Kansas City Wide
28092,Lincoln County NC Area Communications
28100,loUiSiAna Nationwide
28101,Louisiana Nationwide Tac2
28112,ATAKD
28257,MB7IDW
28299,America Ragchew
28300,DL-TGIF-Ruhrpott
28315,MOCO NC DMR
28345,DX Amateur Radio Exams
28377,New York Link
28476,Railhams
28499,Pernik(Bulgaria)
28600,Türkiye multi mode reflector 
28601,ADANA
28603,AFYON
28604,AGRI
28606,DMR Ankara
28607,ANTALYA
28609,AYDIN
28616,BURSA
28626,ESKISEHIR
28627,GAZIANTEP
28631,HATAY
28633,MERSIN
28634,ISTANBUL
28635,IZMIR
28638,KAYSERI
28642,KONYA
28645,MANISA
28646,KAHRAMANMARAS
28647,MARDIN 
28652,ORDU
28657,SINOP
28659,TEKIRDAG
28677,YALOVA
28681,Tasylorsville
28690,QRV73
28691,Disaster Emergency (Afet Acil)
28698,GW-EA7KNK
28699,SFR LİNK
28700,Houston-County-TN
28781,Repeater Owners And RF Enthusiasts
28952,3 Counties Radio
29014,Make someone happy
29020,Kershaw County ARC
29078,Kershaw ARES
29129,Travelers_Rest
29166,YRD
29170,Midlands Skywarn
29185,Stump Knocker
29186,Eden Army
29203,Columbia Amateur Radio Club
29252,Oklahoma Hamsomniac Reflector
29332,Alaska Morning Net
29401,Charleston SC
29536,W4PDE
29642,Scorpion
29660,KB3AWQ Multiband System - Pennsylvania
29662,Cary CERT 
29930,New Mexico Multiprotocol
29969,GRC-Net
30000,Military Pilots Lounge
30070,IRLP_0070 
30087,IRLP_0087 - Allstar_42121
30092,IRLP_0092 and Echolink MICH-EXP 593804
30093,Hams On The Move
30104,Arendator
30140,CTG TalkGroup
30159,RARC East TN
30165,TG CAMPOS RJ
30180,Villa Rica Radio Club (VRRC) GA
30200,TGIF Emergency Services Group TAC 0
30201,TGIF Emergency Services TAC 1
30203,The Canada Hub
30214,VA7FK
30221,Discussions Québec 
30231,TORONTO CANADA
30232,Golden Horseshoe Ontario Canada
30233,VE3RIG
30235,Canadian Caribbean Amateur Radio Club
30236,Texas Chat
30240,Cluck Cluck Chicken Truck
30245,Mauricie-Quebec
30253,Central Georgia TGIF
30262,Mabuhay-Canada-Link
30273,Van Isle Connect
30277,R.A.T.S. Digital Network Group
30278,Filipinas Digital Network Group
30401,Appalachian Repeater Association Link
30403,West Virginia Statewide
30404,WV-LINK NETWORK
30639,NorCal
30736,Catoosa Tac1
30813,Grovetown Ga
30824,Thomson-McDuffie County GA USA
30847,Chandler Hams
31001,NC4ES Cluster
31002,Chatham County NC AUXCOMM
31003,Central NC AUXCOMM Net
31004,US Severe WX
31010,Alabama Link
31012,KQ4ESQ Repeater Link
31013,ALERT-K4NWS
31018,KC2ABV REPEATER SYSTEM AllSTAR 419811
31031,IRC hf-uhf
31033,AGUADILLA
31034,AGUADA
31049,Bayou State Remote Exam
31050,FISHOOK/COWPADDY
31051,Arkansas WX 
31052,FCARC2
31055,Arkansas StateWide 
31060,Resonant Frequency Podcast
31062,Mountain West 
31066,SoCal
31069,BADCAL
31089,Hytera USA
31100,Midwest 100
31101,AMERINET
31111,Hotspot Helpline
31121,First Coast DMR
31122,Clay County DMR
31123,Treasure Coast Florida
31126,Nassau FL TGIG
31128,Winter Garden Florida
31129,Orlando Hamcation
31132,South Georgia
31133,First Coast Scouts
31134,North Georgia
31137,XLX-137
31139,GA CatWalk (Catoosa/Walker) 
31144,NEDR - Rhode Island Statewide
31146,LPCARC - Indiana
31163,Gaming Central
31164,KI9NG Allstar Link
31170,Round Lake Area
31171,Illinois Link 
31172,NISW
31173,Northern Illinois Ecomm
31177,WESDIG Western US Digital Group W7DGT
31180,ON PATROL LIVE- Friday/Sat Nights - XLX389
31181,Seymour / Jackson County Indiana 
31182,Indianapolis Indiana
31183,Severe Weather- Radar Watching
31184,Columbus Indiana Area
31185,Columbus 2
31186,KV9Q Indiana Admin 
31187,KE9MS
31188,KV9Q- 
31189,THE CELLAR- XLX389
31193,NW-Iowa_3
31201,BYRG Chat
31204,Sunflower State TGIF
31205,Kansas TGIF
31207,Sunflower Net
31213,A13 Group
31217,Central Illinois Skywarn
31219,Friends of K2EJ
31221,SELCOM
31222,LA AUXCOMM
31225,Southeast Louisiana
31226,World Wide Chat (MULTI-MODES)
31227,Acadiana Louisiana
31229,ArkLaTex
31234, 3 Rivers Repeater System
31235,BMW Motorbikes of Maine
31238,Foxhole Radio Network ASL 547942
31257,NEARC
31258,SSN Tracking Party
31261,Oakland County MI Winlink
31264,DUDE-Link
31266,Michigan Nets
31267,West Michigan
31268,MichiganOne DMR Tech Net
31272,Minnesota Metro
31273,Northstar Hub
31274,Minnesota Chat
31275,SE Minnesota
31276,TesterBesterTester
31279,MN Severe WX
31281,NEM One
31284,Brooklyn Boys NYC
31285,NorthEast Mississippi
31286,premiere communications group
31287,South Mississippi
31288,NorthWest Mississippi
31291,Queen City Net
31299,NE MS TAC
31301,Montana
31309,Montana ARES 
31311,Nebraska_Hub
31313,US RAGCHEW
31318,Cross Band Campers Amateur Radio Group
31320,IRN - International Radio Network
31326,Alpha Radio Club
31331,Northern NH AllStar Link
31337,Hax0rNet
31340,CNJHAM
31344,kb2rhn
31360,NY-NJ-PA TriState
31368,TAC FJB
31369,Harnett County NC AUXCOMM
31370,NC TAC
31371,TriangleNC
31372,Eastern NC Disaster
31373,Central NC Disaster
31374,Carolina Link
31375,High Rock Lake NC
31376,Chatham AuxComm
31377,Foothills Wave Whisperers
31379,Piedmont Triad Network NC
31380,Misfits ARC of NC
31390,TORCON WX
31391,OHIO Morrow/Delaware/Marion/Knox
31394,Southwest Ohio
31398,BBARC
31403,OklahomaLink
31405,Canadian Valley Radio Club NF5Q - Oklahoma
31406,SAVHAMS
31411,Voice Assistant
31415,WB6EQK
31420,PA PUBLIC SAFETY AMATEUR RADIO CLUB
31421,Pennsylvania Connect
31422,Pennsylvania ACS
31423,Pennsylvania Tactical
31429,TACDA Members
31444,RHODE ISLAND DIGITAL LINK
31451,SC Chat
31452,N1RCW Link System
31454,KQ4SFF Bluffton SC Area Chat
31455,N1RCW Beaufort County Comms
31456,Charlotte County FL ARES
31458,SC Midlands
31459,SC Pee Dee
31465,Findlay Arts
31466,Sd Digital 
31467,Qnuckle Heads
31473,TN TAC System 
31477,Tennessee Outlaws
31479,Fayetteville Arkansas
31481,North Texas
31482,West Tx
31483,South Tx
31484,Southeast Tx
31485,Central Tx
31486,Austin Texas
31489,DMR Track
31501,FloridaKey
31505,Ronald Ergen
31513,SWVA DMR
31515,Tidewater Virginia
31516,Hampton Roads
31525,Golden Isles of Brunswick GA
31535,TechTalk
31536,Space Junkies Network
31555,WI-DMR
31560,Southeast Wyoming
31570,Bald Rock Amateur Radio Club
31578,LERTCOM
31580,The NERDS-New Mexicans Engaged in Radio Discussions
31581,KD2UQK Long Island NY - TGIF DMR 
31600,Indiana outdoors 
31620,KOD
31624,KOD 2
31625,The Hangout Spot
31649,Lake Superior 
31650,SDFARC
31654,4SQRP
31655,Ham Radio Venture Overland
31656,America Link
31661,OMIK
31662,JVTMiami1
31664,KE8CB TG
31665,TGIF The Mothership
31667,Amateur Radio Collective of Western Carolina
31669,KE0KEY Global DX System
31670,DIGITAL LINK
31675,REF020A Bridge
31678,Catawba Valley DMR
31679,Blind Hams Network
31683,PRESCOTT
31686,Skywarn Youth
31688,NEHUB
31689,FDCCU TG
31691,TriStateDMR
31699,Atlantic Coast Digital
31701,Starfleet Amateur Radio Group - SFARG
31725,NY NJ weather
31726,Ocean county
31727,Garden State Emergency News
31744,W4IY
31745,Woodbridge Wireless Group
31753,WarriorNotes Radio Fellowship
31760,XPR Pinoy Network
31765,Sheridan Co. Amateur Radio Club
31770,RFinder Users Group
31775,FILAM Hams
31777,MadChan
31801,The Gathering Spot
31802,Chat Lounge
31803,The Secret Talk Group
31805,California Central Coast
31817,W.O.T.A.R.
31821,Jefferson State
31828,North Carolina Mesh-Chat
31829,WNC Fire Pit
31860,Sweet Owen 
31888,FL-FART (Florida Amateur Radio Team)
31910,DC - MD - VA
31911,Southeast Emergency Network
31912,Boriken Memorial Pantheon
31918,NM Multi-Mode
31921,Dog out Walkin'
31954,Michigan Colorado Connection
31983,DVMIS Multimode ILS
31999,My Knee Hurts
32025,Columbia County FL 
32036,Clover Knot Heads
32068,SPANISH DMR
32080,LACQ CLUB
32100,IU3GMR_BL
32103,CW Ops
32124,Volusia County ARES
32150,285 Tech Connect Radio Club - NA0TC
32168,KE5JS Group
32266,BridgeCom Plus
32323,Paddy's Pub
32384,AG5AA
32435,KF4ZZ Engineering
32520,California High Desert
32592,32592
32665,USA Wide
32682,KE5MS Group
32769,WB2QBP 
32771,Sanford FL DMR
32780,CCNY Alumni Hams Corner
32824,K1MCO TG 32824 Central Florida
32999,Tennessee Ham Chat
33001,BORICUAS TGIF
33012,PR-CAGUAS
33013,Latinos Unidos
33014,BORICUAPA
33015,PR Boriken Digital Network 
33030,BORIQUENSES
33041,GRUPO HISPANOS 
33057,SanSebastianDigital
33058,Western PR
33104,Mobile Truckers
33182,West Coast Radiosmiths
33213,WP4SSB TGIF Digital Network
33217,Christain Co  IL Skywarn
33307,Paranormal Hub
33333,Jacksonville FL Hub
33409,Bridge XE1RAG - DMR - YSF - TGIF
33415,RCS Bridge DMR - Tgif
33426,Red Digital del Noroeste A.C.
33431,YUCATAN Bridge to allstarlink Node 67450
33432,Allstarlink Node 67148
33445,NC Statewide
33455,TG XE1TTS
33499,MEXICO TGIF GATEWAY
33567,Johnson Adventures
33581,Net Chat
33588,2bLogic
33674,GABLIC
33725,Caguax Radio Club
33884,FRIENDS
33904,Esperance
33908,Ramble Inn
34112,DEPREM ANONS
34300,Thin (whatever) Line
34377,Hazmat Response Members
34433,Dunnellon TGIF (FL)
34470,Emergency Room Nursing 
34482,Motor Coach Operators
34614,Weeki Wachee DMR
34637,Land O Lakes DMR
34675,rascons
34911,TURKUAZ ARAMA KURTARMA
34953,JMS FL South RAG CHEW
34986,JMS FL South 2 Rag Chew
35000,MULTIMODE BRIDGE LINK
35178,Auditors South Carolina 
35244,The Blindsphere
35733,Defcon - IP
35992,Oracle
36036,GREEN EGGS &amp; HAMS
36064,CENTRAL ALABAMA ALLSTAR HUB
36092,Elmore ARES
36093,WHITELIGHTNING
36156,Straits of Mackinac
36222,Northampton Scout Amateur Radio Group
36250,Northampton Radio Club
36255,NDARG-UK-TEST
36272,Fort Myers Amateur Radio Club
36360,TALARC
36801,East Alabama Digital Group
36891,Net Digital Cubana
36921,Glendon Scouts Amateur Radio Group
36940,Doghouse
37000,MTEARS
37030,Skynet
37035,CC Radio Club
37051,Fox
37054,RadHisTec
37086,N9BI
37188,Whole in the wall
37218,Haiti EmComm WX ARES
37390,St Tybie Amateur Radio Society
37501,Belarus 37501
37627,Usual Suspects
37910,Mudpit
38232,Night Ops
38632,CARA 91 RPTR Hernando MS 
38654,DeSoto County 
38655,UMARC
39000,Jeff &amp; Tom
39055,Multi Hop Network
39319,Impact4Him
39360,PNW WA Local 3
39660,YOKOHAMA TZ361
40060,SOBER HAMS
40095,4-Doors
40199,bate papo DMR (brasil)
40251,Jeep Nation
40400,CAXIAS DO SUL-RS-BR
40401,VU-Hams India
40402,AGARTALA
40404,PCCT
40420,YSF US-Bus420
40427,Bhilai
40438,Gujarat
40444,MB7ISQ UK GATEWAY 
40470,Visakhapatnam
40488,MUMBAI
40489,VE3WVJ TGIF Talkgroup - 40489
40512,highyway amateur radio club
40609,india
40731,Kecskemét
40911,Galveston/Clear Lake Area Chat
40912,HONOR FLIGHT NETWORK
41033,AP Multimode Net
41066,Charmouth CQ
41143,THE SWAMP 2
41270,DXHub2
41301,Duston Amateur Radio
41324,DMX Lighting Group
41412,Crystal Coast
41432,Model Trains
41463,TriState 
41539,KC9MLN Talk
41601,ArabQrz
41607,DX-LINK SYSTEM
41944,MCARG / Monterey County Amateur Group
41982,PineyFlats
41992,Southern Michigan - Skywarn
41997,Northern MI Skywarn 
42001,SAUDI ARABIA 
42044,local arabic
42055,Local in the western region Analog
42069,LID Net
42077,DAISEN
42301,Insomniac hams
42303,NW KY/SW IN
42445,Princeton Ham Radio Club
42450,MidSouth Multi Network
42451,MSMN 2.0
42550,Israel-42550
42600,AMERICA RU PREPARED
42696,US-ExNet
43114,US Kentucky
43210,Java Developers
43277,HEARS Network
43389,SouthEast Link
43444,KC8I TGIF
43479,NOVA SANTA RITA - RS E REGIAO
43844, Indiana-W9ILS ILS - DMR Link To YSF 43844
43865,VR2TG1
43879,Hiroshima City Aki Ward DMR
43883,JH9ZAP
43912,JH9ZAK Toyama Gateway for JR9VQ
43916,ALLJA9-CQ-ROOM-DMR
43978,JR9WD Group
44000,Hitachi ASL3 XLX-T DMR-Bridge
44001,YBR
44011,NIHC
44023,kitaQ-kanmon Amateur radio Study Group
44044,BABA KARTAL 
44050,Yokohama Bayfront
44053,Kimagure HimajinCH53
44060,DMR SFR in Niigata city JAPAN
44064,OwariAsahi-HamClub DMRSFR
44101,Hitachi no kuni
44111,JL3ZRO DMR Degipeter
44120,JP-JAPAN
44125,Tateyama Japan
44134,N8JLK AllStar Node 48269
44155,Shonan YSF
44200,8075AMC
44201,Nagakute city DMR SFR
44247,KW4BET 810 Network
44301,JL3YTN
44302,JG3QIK
44329,N0FUQ Net
44353,The Province of Izumi
44358,Village of Pottery
44379,ALRC-Yokohama
44403,HK Manna
44406,Hiroshima Momiji Club
44410,Hiroshima_DMR_StudyGroup
44444,Let me in
44501,Shodoshima DCSG
44502,Awaji-IS
44503,Kochi_VoIP_club
44504,TG_44504
44505,Shodoshima Club
44506,Ino-town Kochi-Pref
44507,NankokuCity_Digital_Club
44510,Eaglet Ham Club
44544,Waffle Group
44549,Windy City
44661,Fukuoka2478
44688,Civil Defence MH
44698,XLX698 Reflector Arc
44701,Minami Tsugaru AOMORI
44737,SDCG
44758,JAPAN 758
44775,Madison DX Club
44777,JL3ZHR DMR Digipeater
44800,Sapporo DMR Digipeater
44810,Sapporo VHF SFR
44833,Aichi Degital communication Ham Club
44834,Aichi Degital communication Ham Club
44904,Kure Amateur Radio Association
45001,TGIF Korea
45009,Gangnam Ham Club
45228,Radio Tribung Pinoy ve4rtp
45229,Illinois Concealed Carry
45357,SO-IL Tactical Coms
45401,Hong Kong
45411,Cantonese Talking 
45454,HF Blackbirds ROC
45525,K9GOX DMR
45578,Bit by Bit Hams
45601,Ohio Buckeye State SVARC
45750,Southeast Ohio DMR Bridge
45768,1900 Net
45999,VU2ZOE
46000,中国组
46001,China link TGIF
46002,China 46002 TGIF Net
46003,China no3
46004,China 46004 TGIF
46005,China 46005 TGIF
46006,China 46006 TGIF
46007,China 46007 TGIF
46008,China 46008 TGIF
46009,China 46009 TGIF
46010,changping
46011,China 46011 TGIF
46012,China TG46012
46019,TANJEE‑46019
46020,46020
46022,46022
46033,46033
46044,46044
46055,46055
46056,TEXAS-MRN-46056
46066,46066
46075,Lugoff ASL Link
46077,46077
46088,46088
46091,BM46001
46099,needs name
46100,China 46100 TGIF
46101,China 46101 TGIF
46111,46111
46188,Cantonese 46088
46208,DMR DIGIPEATER NAGOAYA
46255,All Things GMRS
46431,460431
46519,46519
46540,Northern Indiana Hams United
46550,Ham Frends Chat
46611,Taiwan TGIF Net
46666,46666
46677,Taiwan Leyun Digital Communication Group
46776,Baise City Guangxi
46884,Internet of Things Talk Group (IoTTG)
46888,46888
46910,Hear in Hyde COMMEX 2026
47010,Bangladesh DX Club- BDXC
47011,ARSB
47017,W9IKU Allstar Link
47060,Pen Bay ARC
47070,S21ALT-TGIF
47078,S21DBA-TGIF
47435,Talk-Tech-Trivia
47460,Owen County Indiana Chat
47500,WARS
47560,TG Bahia - BR
47591,Indiana/N9TQR
47669,85 Ragchew Net 2
47715,BUBBA'S RAGCHEW
48035,WA8BRO-CT-DN
48074,74_ARPSC
48088,WA8BRO-WAR
48111,Grupong Magellan
48183,Downriver Michigan
48301,WA8BRO-BH-ND
48306,WA8BRO-OT-DN
48429,The Zoo 2 aka 48429 Club
48467,WA8BRO-PAR
48468,WA8BRO-PH-RPT
48603,Saginaw MI
48623,TG 141018
48624,TG 141019
48651,Roscommon Repeater Systems - Michigan
48914,YEG_Edmonton
48915,Idaho USA
49274,Military Radio Manpack
49311,Meshcore-NJ/PA
49333,Hungary
49334,Debrecen
49445,KB1NYT 220 
49500,ELLIS COUNTY RADIO GROUP
49562,Boredom Breaker Net
49601,Wexaukee ARC
49684,Traverse City Michigan Northern Michigan
49855,Michigan D8 Auxcomm
50012,Lacre Sao Jose dos Campos
50051,The Digital Ham
50117,mza
50134,I.B.E.W. Local134 retired
50207,TAC-CR MY
50210,Malaysia-NET
50255,RoIPMARS Network
50281,Wells Beach Digital Wave
50299,Johor HAM ERT
50352,Linux User Net
50372,F O A D
50500,The Brown Lounge
50510,VK-HUB RepeaterLink
50520,Blue Mts Amateur Radio Enthusiasts (BMARE)
50524,VK-OzHUB
50550,Carteret County Amateur Radio Service (CCARS)
50556,ANZEL Network
50595,OZ-DMR Network (Australia)
50724,AMIGOS DO SUL DE MINAS 
50853,KE8LCM AllStar Bridge NODE 508530
50878,Amateur Radio Astronomy Net 
50910,RJW Chat
50911,BATE PAPO BAHIA
51001,Call Area 1
51002,Call Area 2
51003,Call Area Three
51004,Semarang
51006,Call Area Six
51007,KALIMANTAN SELATAN
51009,JJ2YUC Group
51010,CQ-INDONESIA
51023,BRIGADE
51073,DMR OLKB
51077,CHN-DMR-RAGCHEW
51094,W6VVR
51257,mrp group
51301,Clermont County Ohio
51359,QueenslandNet
51405,Skywarn Okc
51444,N5OAK FM to DMR Bridge
51500,MOARC (DX8WMG)
51501,DX1PUP
51502,Cavite Amateur Communication Enthusiasts
51503,DX3OC ORACLE
51504,Bicol Homebrewer Amateur Radio
51505,DX1FLR
51506,DX1FLR
51507,CARER Inc
51508,ARMAS (Amateur Radio Modulators Association)
51509,KAPIHAN Network Organization Philippines
51510,DX1E Elite Hamster Club Inc
51511,DX1MK Makiling Amateur Radio Society
51512,DZ1RB - REC BATANGAS SECTION
51513,4G1MYH
51514,DZ1RH - REC MINDORO SECTION
51515,KAPIHAN Network Organization Philippines
51516,51516 Radio Engineering Circle
51517,DZ1PUP - PUP REC NATIONAL CAPITAL REGION
51520,Philippines District 2
51521,DX2BSP Padli Amianan Radio Enthusiasts Inc
51522,Ham Radio Cebu
51525,DX2KPH KAPIHAN Ilocos PH
51526,Freedom Filipino Network
51527,DZ2REC - REC PANGASINAN SECTION
51529,TGIF ORMIN
51530,Ham Radio Society of the Philippines
51533,DX3T
51535,District 3 Philippines
51537,STARS
51540,W8LOW Chat
51546,DX3EVM SCAN International
51547,KAPIHAN Network KN6SF
51550,Saipan Amateur Radio Club
51555,MinDiNet
51568,PAREDN
51569,BAMRC
51574,DX9RAG 
51586,ICARE-Iloilo
51588,DX5MGM MAGMA INC.
51590,DX9BC BRAVE INC.
51595,DX8O OSCAR
51598,Freedom
51599,MARS
51900,SW Ontario Amateurs
51986,Blind Canadians Lounge
52007,E20AE Club Station
52008,W3NTT/R Multi-Link System
52011,MDR
52032,TG52032toAllstar Node 620460 HS3AS Thailand
52041,Khon Kaen
52042,Dmr Tgif Roiet Thailand
52044,E25RZY  ASL V3 591640 E25RZY-L
52061,TGIF to ASL-576562 (HS6AU)
52062,TGIF to ASL 597910 Of Phichit
52069,Test 
52083,Link to ASL
52091,XLXSYS
52152,KN4RW TG
52375,RadioX Network
52460,Sala ACB
52525,Pinoy@SG
52585,M0VVAs group reflector
52639,Kane County IL OEM (KC9OEM)
52647,XLX647
52748,KARHU (Finland)
52909,E20AE Clubstation
52910,
52918,XLX918
52937,Layer 8 Radio
53000,Tiger
53001,Atlantic Amateur Radio Society - Ch 3
53112,westmoreland county Pennsylvania  TAC
53113,Manchester Radio Group
53327,
53331,INA Digipeater #1
53332,INA Digipeater #2
53473,DX1PRS Pyramid Radio Society Inc
53488,DX1PRS Pyramid Radio Society Inc
53662,MBARC
53715,KD4UFD Shack East TN Skywarn D5
53911,AARS - East Coast 911
53927,BCRA Fall River MA USA
54241,AE8Q Link
54304,YACHT
54321,LGBT Chat
54338,The Hams Hangout 
54999,Adverse Weather UK
55000,Chill Zone
55059,South 40 Test TalkGroup
55111,Rokkosan hut
55448,Brasileiros no Mundo
55539,2E0EUM RadioX
55555,HF Portable Operation
55577,NTNLR
55862,N2CFX AllStar Bridge
56148,SetoCity_iimonsetomon
56309,Quad Cities IA/IL
56703,*KC4QLP*
56894,WNY Amateur Radio
57191,The bear's Den
57537,Personal
57618,Tri City Room
57663,SBTC DR DMR Group
57852,hampj
57960,TGif TO ASL579601 Thailand
58058,S80 Digital
58059,WARS WORKSOP DMR GROUP
58081,G4SBL
58409,Family Chat
58442,Keep Your Powder Dry
58553,Radio Work
58888,Chinese Ham Group
58906,Khaophanom Krabi Siam
59087,The 24-7 BBQ
59649,TEXAS-MRN-59649
59650,Texas-DFW Linked Systems
59659,4G1FTU - REC BATANGAS SECTION
59730,JE7ZDC_room
59795,TEXAS-MRN-59795
59973,W2LCW Long Island CW Club
60000,Hamfesters Amateur Radio Club
60077,Chicago Link
60123,Pasco County ARES
60223,MB6VY DV
60339,KQ4JPB
60401,KI9NG Allstar Link
60447,Allstar YSF Connection
60529,DZ1RB - Radio Engineering Circle
60606,price
60624,Bills group
60755,TEXAS PATRIOTS
60911,Atlantic County Auxcomm
61583,E-SAN-SAKET-ROIET-THAILAND
61616,AutoCad Users Group
61716,Allstar Bridge 61716
61805,HS7IMT Samchuk Suphanburi
61967,Southern Indiana ContactX
62148,UFB New England
62225, AFMARS
62237,NC CERT NET
62238,KC3YGF Middle River MD USA
62348,Phoenix HAM n GMRS
62627,MB6CS
62804,ZL2DAT TG
62897,Ohio Valley Open Chat
63054,KC1LKO Group
63123,LLM-STLMO
63163,63Chat
63313,TGIF Bridge
63452,NorthernCommand 
63462,AllStar 63462
63636,Smoky's Lounge
64086,Worldwide Handshakers
64222,Northern Illinois Bottlecap Balloon Brigade
64282,OGCTC
64390,VE6ALY Allstar Bridge 643900
64398,Szigetszentmiklos
64620,The Magnolia Link
64677,Allstarlink &amp; Dmr Tgif
64738,Nashville-Tennessee-USA
65065,Lion City Airwave
65102,UHDARC
65222,W0SV
65500,Homebrew Tech Talk
65535,Windy City Amateur Radio Society
65742,Hillbilly Junction
65911,WC3PS-WEARS
65982,Open Source Amateur Radio Club
66111,ja0aqx
66502,The Hardees Care Cell
66566,WestBerks
66666,Outdoor America 
66677,YSF VE2CKN
66944,Storm Chasing &amp; Tracking
67016,Mobile-Comms
67196,Spookys Shack
67229,TGIF to ASL-67229
67265,DireHavok's Lounge
67341,N3EMC 927 REPEATER
67432,Clay Center Ks DMR 
67498,Netoholics Network
67501,ARAS
67756,Toronto Harley Roadtrips
68040,Amiga Boing Ball Net
68070,Cold Beer Radio
68470,Traveling Connection
68834,68834
69240,KD3AAC - DMR Talk Group
69420,KD9TAF TGIF 2 AllStar
69696,Canadian Radio Chat
69710,Harley Riders NorCal
70000,Digital friend
70001,Delbaranya
70120,Mid-South Express
70281,wplainsnc
70364,In &amp; Out 
70568,Powered Paragliding
70600,Contacto General
70777,Who Cares ARG
70914,Cambodia Japanese ARC
71250,PURA VIDA T GIF
71352,KC0IMF Late night Ragchew
71401,UNION PANAMEÑA DE RADIOAFICIONADOS
71474,NORTH-MICHIGAN
71600,Western NY 
71601,Western NY 
71622,Tertulia Trujillana
71633,Reptiles
72000,7.200
72022,Itaperuna - RJ
72133,Japan All Tohoku TGIF
72143,Paddle Wheel Lounge
72210,Red Multiprotocolo Delta Victor
72213,Radioaficionados Champaqui
72215,Radioaficionados Yacanto
72218,Cordoba digital
72262,Voto Latino
72277,Space Coast Amateur Radio Society
72347,TurbineTalks
72400,QAP/PY4KB-72400-ITABIRA-MG
72401,FreeDV-Brazil
72402,Ponto de Encontro
72403,QAP-QRV
72404,Nova Friburgo - RJ
72406,HAMRADIODX.BR
72407,QSO BR
72408,JF-MG TGIF
72411,SÃO PAULO
72412,Vale do Paraíba
72413,GRAAL
72414,Araraquara e Regiao
72415,TGIF CARIRI
72416,Rondônia
72417,Ambrasil
72419,AMIGOS DA CIDADE DE RIO CLARO - SP
72421,Rio de Janeiro
72422,Regiao dos Lagos
72423,Noroeste Fluminense
72424,CHAT BR
72431,Amigos Rei Roberto
72433,CONFERENCIA BRASIL
72434,GUARUJA-SP-QSO
72440,TGIF Brasil
72441,CURITIBA PR
72442,MINAS GERAIS TGIF
72443,Rio de Janeiro
72444,ARSATC
72445,Grupo_oeste_paranaese
72446,TECH BR
72447,Itajai-SC
72448,SC Brazil
72449,Grupo Prata Curitibano
72450,regiao metropolitana ctba
72451,Praia Grande/SP/BR
72452,RS Brazil
72453,72416
72455,DV Santa Maria
72456,vale dos sinos
72459,QAP 4VPA
72461,DF no Ar (PU2ABB)
72463,Tocantins no Ar
72464,HAM RADIO BRASIL
72469,PRIVADOS
72471,Bala Perdida RJ
72472,MINAS GERAIS-BRASIL
72473,REDE KAB BR
72477,TARGINO 
72479,MTech
72481,GRDV-PE
72485,CWB/SJK
72487,GG87kc
72488,ARAF
72492,MANAUS AM
72495,PU4RON - Multiprotocolo Brasil
72496,Teste
72497,Escoteiros BR
72499,TGIF SAO PAULO ABC PAULISTA
72782,THE PASTA NET
72822,ScubaTalk
72828,K3DOV - UPSTATE ARC
72862,SAUNA (Finland)
73030,GTARC
73210,Last of the Summer Wine Radio Club
73237,HUBNet REM-52Hz
73250,Colombia Tech Talk
73276,Tigre
73277,Corozal RC/Radio Digital Colombia 
73411,RED DIGITAL YV2CM
73419,NET YV1ARV
73425,ASOCIACION CIVIL BANDA CIUDADANA PUERTO LA CRUZ YV6BC
73433,73433 PLAN EMERGENCIA
73440,Net Dig Venezuela - TG 73440 ADN Syst
73444,XLX087 - Southeastern US
73458,YV5ARV SSLC TG73458
73460,VE-GRDXR-YV
73461,GRUPO DX RORAIMA
73462,ASOCIACION DE RADIOAFICIONADOS DE VENEZUELA
73464,Instituto Autónomo de Protección Civil y Administración de Desastres Municipio Miranda
73465,Grupo de Radio Ayuda Miranda  *GRAMI*
73480,RADIO CLUB VENEZOLANO TEMBLADOR YV8RCV
73481,ARV SECCIONAL WARAO DEL DELTA (YV8WDD)
73482,ASOCIACION CIVIL BANDA CIUDADANA YV8QX
73638,Seven3
73737,Ham Harder
73801,Northwest Oklahoma 
73836,South East Valley Emergency Net 
74008,QAP Amigos Itabira MG
74025,la radio al servizio della Nazione
74183,XLX741 Reflector Group
74340,Red Maracay
74401,Paraguay
74890,Conferencia Uruguay
74895,Uruguay.Net
75065,The Roundtable 
75088,Rowlett Texas
75119,The Double Nickel Gang
75126,Kaufman County A.R.E.S
75142,Kaufman County Amateur Radio Association
75309,Arkansas Radio Heads
75703,Tyler DMR Group
76100,QO-100
76123,C4FM-BAT 
76125,TRANI Conference
76177,RADCOMs Alliance
76239,Guns and Gadgets 
77002,HOUSTON TEXAS AREA
77086,TeamKimbler
77245,Bushcraft and survival
77454,OSS Secret Squirrels NC
77511,South Coast Reflector
77649,Radio Shack Days
77777,China 77777 TGIF
78130,CQ4TX
78250,Moo Cow Repeater Group
78594,TRAC
78664,SUOMI (Finland)
78713,AGAVE NET South Texas USA
78760,ATF Alpha tango foxtrot
78850,Iw6ntw
79507,West Central Indiana Amateur Radio
79602,Big Country Hams
80008,BlackPantherMotorbike
80085,NEW HAMLAND
80091,Deutschland
80104,DougCoCert
80268,Private TGIF Talkgroup
80303,Navigation and Rucking 
80673,Band73
80795,CO CL Central
80865,Sparkgap-1
80918,MM ComTech
81073,BAND73-SkyWarn
81081,RADIOPARTHENOPE
81337,Remote Tech Workers
81673,Spikes Round Table
82001,Prep Coms Actual
82073,BAND73:Technical
82121,TG PU1RAT
82332,SupaDupa
82415,The Pit
83201,D: VA3UEC-1
83460,Grumpy Old Hams
83477,TEHRS
83624,N7MKY-TGIF
83625,N7LGN-TGIF
83832,DSARC
83843,Latah County EmComm
84026,TCAG
84030,Texas Radio Group
84032,AHRN
84034,AC CFL
84465,HectorPersonal
84849,651CommGroup
84962,Cajun Rag Chew 
85000,Ham Link ARC
85001,Ham Link ARC - II
85008,US-Arizona
86442,Bullhead City 
86501,KO4WIL DV LINK
86753,KE7WIL ASL Bridge
86915,Houses on The Air
87923,U.S. Womens Christian Fellowship
88073,BAND73-Net
88135,Eastern New Mexico
88730,FKARC
88788,Midsouth reflector system
88850,3EF
88888,PowderMill
88990,Italiani nel mondo
89117,ELECTRONIC TEST EQUIPMENT
89134,cumbriaCQ UK GB Northwest England
89435,Texas i35hams
89898,439700
90167,TETRA
90202,Kilowatt ARC
90220,KC2KOO Hub Bridge
90620,N6VL Sandbox
90710,Radioscouting deutschsprachig
90909,Kilo11
91000,GuJIndia_VU3JPD
91100,Texas First Responders
91101,Firefighter Chat
91102,NRV Public Safety Net
91103,TG 91103 
91134,İSTAMBUL ACİL DEPREM
91172,BATE PAPO FEIRA DE SANTANA 
91381,Kansas City Talk Group
91610,SAC VALLEY MESH 
91789,America's Star (Active &amp; Retired)
91910,RV America Net
91997,Computer Geeks of America
92952,Venom
93844,Recumbent Bikes/Trikes
94000,AARadioGroup
94335,WheelieHams
94347,XLink
94550,ORANGE
95110,N6JET 6-LINK
95641,85 Ragchew Net
97302,Oregon AuxComm
97351,WCDRT Tac-1
97352,WCDRT TAC-2
97353,WCDRT TAC-3
97354,WCDRT Tac-4
97355,West Coast Disaster Response
97356,WCDRT Tac-5
97629,OM AMICI
97962,Midwest Ragchew
98111,Big Matt
98500,The Random Wire
98635,High Prairie Washington
98638,InfoSec
98683,PNW Camping
98794,Ham Radio Rookies
98989,Chicago
99073,82 Crew
99423,423 crew
99534,Maricela
99539,VaDigital
99797,CTRI 
99817,Antenne Thueringen
99846,Eastern-MI-Link YSF Network
99912,WCARES TX
99913,WCARESTX-ATAK
99961,Abruzzo Talk AllStar
99966,MI7DJT Group Chat
99999,Arizona Cactus 
214206,214206
222054,Romagna Network
231401,OM0ODM local
234009,GB7GW - Link
235119,Local Talk
235216,GB7HN
235287,GB7NR Nottingham
240028,SK5BN
240717,SK7RFL Local
240721,SK7RFL SvxLink
286010,TRAC ADANA EMCOMM
286011,TRAC ADANA BRANCH GROUP
286012,TRAC ADANA BRANCH GROUP FOR TRAINING
302180,420 Network
310311,EMA IP Network 
310441,WNY-DIGITAL
310508,FCARC
310522,Conway Fox B
310530,Tallapoosa County Alabama
311105,Black Swamp Radio Soceity
311293,Darksiders
311434,Pine Valley link 
311630,AA9JR Repeater Link
311649,N9BIG Repeater Local
311653,NWOARC  
311784,Logan County Amateur Radio Club
311884,W5JDW AuxComm
311954,Escondido DMR Repeater
311995,SWLA-LINK
312186,SCARC
312264,KV4S
312266,kb8vll Group
312543,PART
312576,Cracker Radio Club
312801,Lucedale MS
313468,KB3HJC YSF/ALLSTAR HUB
313492,The Western Pennsylvania DMR Hub
313868,US-ChattBridge
313938,N8OJ Repeater
314059,W4WEB Repeater Port Saint Joe FL
314255,MUDDUCKS
314386,KO4SJB
314390,OCTANE NETWORK
314616,Orange Beach DMR
330028,PR-NP4GT
330050,KP4NET
330068,BACALAO
330116,PR Jueyero Isla
515011,DX1MK
655007,655007
724262,PW8DMR Rolim de Moura
1117309,The Bad Cap Radio Group
1148979,1148979
2081486,Live André france
2142346,Arsa
2344067,2344067 Isle of Wight UK
2347179,2347179
2347190,2E0KJR
2347437,G7HKP
2349353,Radio Amateur Volunteer Emergency Network (RAVEN)
2349484,Shakey's TG
2351883,G4GUN
2352926,M3YGQ
2356263,M1ELS TalkGroup
2405174,SM5GXQ Local
2407151,SK7JL_Local
2680054,CT1EMU-Jose Leitao-PT
2680457,CT2GQJ TalkGroup
2683262,CT1CVT
2863140,TURKTALK
3025086,Tech Forum
3025136,3025136
3027106,Rookie Western Canadian Hams
3100793,AG3U
3101577,Jays Chat Zone
3103321,Patoka Lake Ind DMR
3103733,Wnc Amateur Radio 
3104383,3104383
3107484,KJ6FXA-619
3108759,WN6OTL CO
3111068,N0VEP
3112444,Kg4cwc 
3117501,Late Night Talk Group
3118890,Ogilville Indiana
3118983,W9DWH
3120664,Flying Hams
3122222,3122222
3122311,Magnum
3127022,Hennepin County AUXCOMM
3129174,KB0DXS
3130413,KD5PQJ DMR Data
3136154,Cobra007
3140034,AA5PD
3142084,Northeast Pa USA
3143399,Crusader Castle - Tactical Comms
3143634,Private chat
3145153,Kk4fu
3147012,Chattanooga Room
3147566,N4ANZ Ragchew Talkgroup
3148997,AG5AA
3149967,North River Crossing
3154294,Robs talkgroup
3154981,AB1Q
3155068,XLX Fun
3155215,KD9ANT Talk group
3156193,The Hamster Cage
3156216,The Hamster Cage
3156364,KB3JF 
3157511,KM4KUG
3157563,KK4RJY
3159383,WA3RF-1
3159587,K4LCD
3159588,K4LCD
3160778,USTripleNickel
3163428,Guitar Nerds International (GNI)
3165800,SkunkHam
3167046,Mchealey K7MHM
3168656,KJ7PHE TGIF
3170462,KJ7PPF
3172288,WA3RF-2
3172931,The Traveling Ham
3173185,The KC3CDU TalkGroup
3173395,KC9FQ
3173950,N4WRL
3175559,Salty Hams Link
3176063,3176063
3177236,KB3KAV
3177889,KY4RG
3179375,MadMax
3179513,Spring Hill Amateur Radio Club
3180201,Montgomery Tx
3181403,ASL 603860 to TG 3181403
3181966,N8OHA
3182708,Central Illinois ragchews
3184077,Spanish Chat
3184383,Central Illinois RagChew
3188172,SMARC Washington
3190431,W4KEJ
3191021,LMR talkaround
3194067,CENTRAL ALABAMA ALLSTAR HUB 
3194823,KE8VSW talk group 
3196188,Okmulgee County SkyWarn
3196816,KG5BGO
3197538,Amateur Digital
3198574,Revelle
3201975,SE-CO-DMR
3203626,Clover Chatter Spot
3204137,Ky4vf
3205767,IACONO6
3206802,KD4UFD Systems
3208589,Rich SW Fl
3208773,New England Digital Radio - Wolfden
3209551,Chi-town Hammers
3209855,Ferrell Farms
3214902,3214902
3216059,N8ZVZ
3217940,MaGoo's Talkgroup
3219966,WS3BOB
3340454,XE1RAG-R
3341172, AllStarLink RPT
3660010,Amateur Radio Hub
4040787,Dr Karthik Chowdary Venegalla
4201002,JEDDAH-DMR
4400385,Fukuoka VoIP Club
4402016,Japan Mexico TGIF Group
4402022,Nagoya Digtal Radio Club
4404065,Oda-City 698 VoIP Group
4602764,TG460023
5020537,9W2DX
5050329,VK3DNH
5050902,VK2WJ Chat
5050965,VK5RM
5051486,Vk5 Limestone Coast
5053056,VK3EME
5054070,5054070
5054216,VK4VF
5150095,Radio Amateur Emergency Network (RAVEN)
5151427,TGIF DMR TG 4G1FTU BATANGAS
5151501,TG 5151501
5201646,E25RZY
7160024,Bill OA4DVG
7160033,OA4DVH Talkgroup
7300220,CE3IBW
7300656,radioafición y café
7302062,CE2DJA Fernando (62)
7320507,Sucre Colombia 
